902;Ateliers artistiques
902;CPGE-L1 Physique Chimie
902;CPGE - L1 Sciences de la vie
902;CPGE-L2 Physique Chimie
902;L1 Informatique-Informatique
902;L1 LEA-Anglais / Espagnol
902;L1 LLCER-Anglais
902;L1 Physique, Chimie
902;L1 Sciences de la vie (SDV)
902;L2 Informatique-Informatique
902;L2 Physique, Chimie
902;L2 SDV-SEGE
902;L3 Informatique
902;L3 Physique Chimie-Chimie
902;L3 Physique Chimie-Physique
902;L3 Physique Chimie-Physique Chimie
902;L3 Sces de la vie - SEGE
902;LP MMST -CIGALE
902;M1 ISC- Vision,signal, trajectographie & automatique (VISTA
902;M1 Math Appli parc MFMSQ
902;M1 Sciences de la mer
902;M2 Engineering of Complex Systems parcours MIR
902;M2 Info et Maths parcours Informatique
902;M2 ISC- Vision,signal, trajectographie & automatique (VISTA
902;M2 SDM-CHARM
902;Master 1 Informatique
903;Ateliers artistiques
903;CPGE-L1 Droit-Toulon
903;L1 Droit-Toulon
903;L2 Droit-Toulon
903;Licence 3 Droit LAS
903;Licence 3 Droit Toulon
903;M1 DP-Administration, territoires et environnement
903;M1 Droit des affaires parcours Contrats et Entreprise
903;M1 Droit des affaires parcours Droit de la Banque
903;M1 Droit des affaires parcours Droit et Gest du Patrimoine
903;M1 Droit notarial
903;M1 Droit social Parc Drt & Gest Sect Sanitaire & Social
903;M1 Droit social - Ressources humaines
903;M1 JPP Contentieux adminsitratif
903;M1 JPP (Contentieux judiciaire)-Toulon
903;M1 JPP Pratique droits fondamentaux
903;M2 DDA-Contrats et entreprise
903;M2 DDA-Droit de la banque
903;M2 DDA-Droit et gestion du patrimoine
903;M2 DP-Administration, territoires et environnement
903;M2 Droit notarial
903;M2 DS-Droit et gestion du secteur sanitaire et social
903;M2 DS-Ressources humaines
903;M2 JPP-Contentieux administratif
903;M2 JPP-Contentieux judiciaire-Toulon
903;M2 JPP-Pratique des droits fondamentaux
904;BUT 1 GEA - Toulon
904;BUT 1 Genie Electrique et Informatique Industrielle - ALT
904;BUT 1 Genie Electrique et Informatique Industrielle - TP
904;BUT 1 Genie Industriel et Maintenance - ALT
904;BUT 1 Genie Industriel et Maintenance - Temps plein
904;BUT 1 Techniques de Commercialisation
904;BUT 2 GEA Parcours GEMA -  La Garde
904;BUT 2 GEII parcours Automatisme et informatique industriell
904;BUT 2 Genie Industriel et Maintenance - ALT
904;BUT 2 Genie Industriel et Maintenance - Temps plein
904;BUT 2 GMP parcours Inovation pour l'industrie
904;BUT 2 MMI Parcours developpt web et dispositifs interactifs
904;BUT 2 TC parcours Business International : Achat et Vente
904;BUT 2 TC Parcours Marketing digital,e-business entrepreunar
904;BUT 2 TC parcours strategie de marque et evenementiel
904;BUT 3 GEA Parcours GEMA -  La Garde
904;BUT 3 GEA - parcours Gestion et pilotage des RH - La Garde
904;BUT 3 GEII parcours Automatisme et informatique industriell
904;BUT 3 Genie Industriel et Maintenance - ALT
904;BUT 3 Genie Industriel et Maintenance - Temps plein
904;BUT 3 GMP parcours Inovation pour l'industrie
904;BUT 3 MMI Parcours developpt web et dispositifs interactifs
904;BUT 3 TC parcours Business International : Achat et Vente
904;BUT 3 TC Parcours Marketing digital,e-business entrepreunar
904;BUT 3 TC parcours strategie de marque et evenementiel
904;LP CVCA parcours Production Audiovisuelle
904;LP Management et Gestion des Organisations-parc Gest projet
908;Ateliers artistiques
908;BUT 1 GEA - Toulon
908;CPGE-L1 Economie, Gestion
908;CPGE-L2 Economie, Gestion
908;L1 Economie et Gestion
908;L1 STAPS
908;L2 Economie, Gestion
908;L3 Economie, Gestion-Economie et Finance
908;Licence 3 Economie et Gestion parcours Economie Appliquee
908;M1 Eco dvlpt-Economie & gouvernance des risques
908;M2 Eco dvlpt-Economie & gouvernance des risques
909;L1 STAPS
909;L2 STAPS APAS
909;L2 STAPS APAS parcours LAS
909;L2 STAPS EM
909;L2 STAPS ES
909;L2 STAPS ES parcours LAS
909;L3 STAPS APAS
909;L3 STAPS APAS parcours LAS
909;L3 STAPS ES
909;L3 STAPS ES parcours LAS
911;Ateliers artistiques
911;BUT 1 GEA - Toulon
911;CPGE-L1 LEA-Anglais / Espagnol
911;CPGE-L1 Lettres
911;CPGE-L1 LLCER-Anglais
911;CPGE-L2 LLCER-Anglais
911;L1 LEA-Anglais / Espagnol
911;L1 LEA-Anglais / Italien
911;L1 Lettres
911;L1 LLCER-Anglais
911;L1 LLCER-Espagnol
911;L2 LEA-Anglais / Espagnol
911;L2 LEA-Anglais / Italien
911;L2 LLCER-Anglais
911;L2 LLCER-Espagnol
911;L3 LEA-Anglais / Espagnol
911;L3 LEA-Anglais / Italien
911;L3 LLCER-Anglais
911;L3 LLCER-Espagnol
911;Licence 2 Lettres
911;Licence 2 Lettres - CPGE
911;Licence 3 Lettres
911;M1 CCS-Etudes politiques internationales:monde anglophone
911;M1 L&S-Traitement de l'information, linguistique, traductio
911;M1 MEEF-Anglais
911;M1 MEEF-Espagnol
911;M1 MEEF-Lettres
911;M1 Tourisme-Management du tourisme durable
911;M2 CCS-Etudes politiques internationales:monde anglophone
911;M2 L&S-Traitement de l'information, linguistique, traductio
911;M2 MEEF-Anglais
911;M2 MEEF-Lettres
911;M2 Tourisme-Management du tourisme durable
911;Master 1 ALC - Arts Lettres Transmedia Ecriture Numerique
911;Master 2 ALC - Arts Lettres Transmedia Ecriture Numerique
915;Ateliers artistiques
915;L3 Economie & Gestion Comptabilite controle audit
915;L3 Economie & Gestion-MGE
915;M1 Gest Ress Humain Manag Dura Ress Humain
915;M1 Quali Hyg Secu Manag Quali Devel Durab
915;M2 Comptabilite Controle Audit
915;M2 Gest Ress Humain Manag Dura Ress Humain
915;M2 Management et administration des entreprises
915;M2 Quali Hyg Secu Manag Quali Devel Durab
915;Master 1 Comptabilite Controle Audit
915;Master 1 Marketing Vente Market Digi Rela Client
915;Master 2 Market Vent Market Digi Rela Client
916;Ateliers artistiques
916;Certificat TCSA-DNSP DANSE
916;LP Techniques son & image-INTERMEDIA
916;M1 IC-Communication mngt datas
916;M2 IC-Communication mngt datas
DDRAG;Ateliers artistiques
DDRAG;L1 Droit-Draguignan
DDRAG;L2 Droit-Draguignan
DDRAG;Licence 3 Droit Draguignan
DDRAG;M1 JPP (Contentieux judiciaire)-Draguignan
DDRAG;M2 JPP-Contentieux judiciaire-Draguignan
DEVE;BUT 1 GEA - Toulon
DEVE;BUT 1 Genie Electrique et Informatique Industrielle - TP
DEVE;BUT 1 Genie Industriel et Maintenance - Temps plein
DEVE;BUT 1 Techniques de Commercialisation
DEVE;BUT 2 GEA Parcours GEMA -  La Garde
DEVE;BUT 2 GEII parcours Automatisme et informatique industriell
DEVE;BUT 2 Genie Industriel et Maintenance - Temps plein
DEVE;BUT 2 GMP parcours Inovation pour l'industrie
DEVE;BUT 2 MMI Parcours developpt web et dispositifs interactifs
DEVE;BUT 2 TC parcours Business International : Achat et Vente
DEVE;BUT 2 TC Parcours Marketing digital,e-business entrepreunar
DEVE;BUT 3 GEA Parcours GEMA -  La Garde
DEVE;BUT 3 GEII parcours Automatisme et informatique industriell
DEVE;BUT 3 GMP parcours Inovation pour l'industrie
DEVE;BUT 3 MMI Parcours developpt web et dispositifs interactifs
DEVE;BUT 3 TC parcours Business International : Achat et Vente
DEVE;BUT 3 TC Parcours Marketing digital,e-business entrepreunar
DEVE;Campus Connecte Draguignan
DEVE;Campus Connecte La Seyne
DEVE;IFTS Croix Rouge
ED509;Doctorat Sciences de gestion
ED509;Doctorat Sciences de l'information et de la communication
ED509;Doctorat Sciences du langage linguistique
ED509;Doctorat Sciences juridiques
ED548;Doctorat Automatique, signal, productique, robotique
ED548;Doctorat de Chimie
ED548;Doctorat Informatique
ED548;Doctorat Physiologie biologie organismes populations intera
ED548;Doctorat Physique
ED548;Doctorat Sciences de l'univers
ED548;Doctorat STAPS
NC;Campus Connecte La Seyne
NC;DAEU A - En alternance
NC;DAEU B - Pro
NC;DU protection de l'enfance
NC;DU Soins palliatifs
NC;M1 Droit des affaires parcours Droit et Gest du Patrimoine
NC;M2 DDA-Droit et gestion du patrimoine
STCH;Ateliers artistiques
TGEAD;BUT 1 GEA - Draguignan
TGEAD;BUT 2 GEA Parcours GEMA Draguignan
TGEAD;BUT 2 GEA Parcours gestion et pilotage des RH - Draguignan
TGEAD;BUT 3 GEA Parcours GEMA Draguignan
TGEAD;BUT 3 GEA Parcours gestion et pilotage des RH - Draguignan
