A1D2E-820;{SISE}ZA
A3ECG-100;{SISE}XA
A3ECG-101;{SISE}XA
A3MGC-100;{SISE}DP
A5CCA-100;{SISE}XB
A5CCA-101;{SISE}XB
A5FIN-100;{SISE}XB
A5FIN-101;{SISE}XB
A5GRH-100;{SISE}XB
A5GRH-101;{SISE}XB
A5MAE-100;{SISE}XB
A5MAV-100;{SISE}XB
A5MAV-101;{SISE}XB
A5QHS-100;{SISE}XB
A5QHS-101;{SISE}XB
D0CPA-100;{SISE}AC
D3DRI-100;{SISE}XA
D3DRI-101;{SISE}XA
D3DRI-102;{SISE}XA
D3DRI-103;{SISE}XA
D3MDI-100;{SISE}DP
D3MDS-100;{SISE}DP
D4ENM-100;{SISE}
D4IEJ-100;{SISE}
D4PCA-100;{SISE}
D5DPU-100;{SISE}XB
D5DPU-101;{SISE}XB
D5DPU-102;{SISE}XB
D5DPU-103;{SISE}XB
D5DPU-104;{SISE}XB
D5DRS-100;{SISE}XB
D5DRS-101;{SISE}XB
D5DRS-102;{SISE}XB
D5DRS-103;{SISE}XB
D5DTA-100;{SISE}XB
D5DTA-101;{SISE}XB
D5DTA-102;{SISE}XB
D5DTA-103;{SISE}XB
D5DTA-104;{SISE}XB
D5DTA-105;{SISE}XB
D5DTN-100;{SISE}XB
D5DTN-101;{SISE}XB
D5JPP-100;{SISE}XB
D5JPP-101;{SISE}XB
D5JPP-102;{SISE}XB
D5JPP-103;{SISE}XB
D5JPP-104;{SISE}XB
D5JPP-105;{SISE}XB
D5JPP-106;{SISE}XB
D5JPP-107;{SISE}XB
D5JPP-108;{SISE}XB
D5JPP-109;{SISE}XB
E3ECG-100;{SISE}XA
E3ECG-102;{SISE}XA
E3ECG-103;{SISE}XA
E5BFA-100;{SISE}XB
E5BFA-101;{SISE}XB
E5EDE-100;{SISE}XB
E5EDE-101;{SISE}XB
E5EDE-102;{SISE}XB
E5EDE-103;{SISE}XB
E5EDE-104;{SISE}XB
E5EDE-105;{SISE}XB
F0ACC-800;{SISE}
F0DUA-800;{SISE}NA
F0DUA-801;{SISE}NA
F0DUB-800;{SISE}NA
F0DUB-801;{SISE}NA
F0ETH-800;{SISE}ZA
F0MAR-820;{SISE}ZA
F0MED-900;{SISE}ZA
F0OEN-100;{SISE}ZA
F0PDE-800;{SISE}ZA
F0SPA-800;{SISE}ZA
F0SPJ-100;{SISE}ZA
F5TMN-800;{SISE}FI
I2DAN-100;{SISE}ZA
I3ICO-100;{SISE}XA
I3TSI-100;{SISE}DP
I3TSI-101;{SISE}DP
I3TSI-102;{SISE}DP
I5CNU-100;{SISE}XB
I5CNU-101;{SISE}XB
I5CNU-102;{SISE}XB
I5CNU-103;{SISE}XB
I5ICO-100;{SISE}XB
I5ICO-101;{SISE}XB
I5ICO-102;{SISE}XB
I5ICO-103;{SISE}XB
I5ICO-104;{SISE}XB
I5ICO-105;{SISE}XB
I5ICO-106;{SISE}XB
I5ICO-107;{SISE}XB
K3INF-100;{SISE}XA
K3INF-101;{SISE}XA
K3ING-100;{SISE}XA
K3ING-101;{SISE}XA
K3MAT-100;{SISE}XA
K3MAT-101;{SISE}XA
K3MAT-102;{SISE}XA
K3MAT-103;{SISE}XA
K3MAT-104;{SISE}XA
K3MMS-100;{SISE}DP
K3PCH-100;{SISE}XA
K3PCH-101;{SISE}XA
K3PCH-102;{SISE}XA
K3PCH-103;{SISE}XA
K3PCH-104;{SISE}XA
K3RIT-101;{SISE}DP
K3SVI-100;{SISE}XA
K3SVI-101;{SISE}XA
K3SVI-102;{SISE}XA
K3SVI-103;{SISE}XA
K3SVI-104;{SISE}XA
K3SVI-105;{SISE}XA
K3SVI-106;{SISE}XA
K3SVI-107;{SISE}XA
K5CSM-100;{SISE}XB
K5CSM-101;{SISE}XB
K5INF-100;{SISE}XB
K5INF-101;{SISE}XB
K5INF-102;{SISE}XB
K5ISC-100;{SISE}XB
K5ISC-101;{SISE}XB
K5ISC-102;{SISE}XB
K5ISC-103;{SISE}XB
K5ISC-105;{SISE}XB
K5MAP-100;{SISE}XB
K5MAP-101;{SISE}XB
K5MER-100;{SISE}XB
K5MER-101;{SISE}XB
K5MER-102;{SISE}XB
K5MER-103;{SISE}XB
L3ALE-100;{SISE}XA
L3ALE-101;{SISE}XA
L3ALE-102;{SISE}XA
L3ALE-103;{SISE}XA
L3CVT-100;{SISE}DP
L3LCE-100;{SISE}XA
L3LCE-101;{SISE}XA
L3LCE-102;{SISE}XA
L3LCE-103;{SISE}XA
L3LTR-100;{SISE}XA
L3LTR-101;{SISE}XA
L3MTL-100;{SISE}DP
L5ALC-100;{SISE}XB
L5ALC-101;{SISE}XB
L5CCS-100;{SISE}XB
L5CCS-101;{SISE}XB
L5CCS-102;{SISE}XB
L5CCS-103;{SISE}XB
L5LHU-100;{SISE}XB
L5LHU-101;{SISE}XB
L5LSO-100;{SISE}XB
L5LSO-101;{SISE}XB
L5LSO-102;{SISE}XB
L5LSO-103;{SISE}XB
L5MTD-100;{SISE}XB
L5MTD-101;{SISE}XB
N5ING-800;{SISE}FI
N5MAT-800;{SISE}FI
N5SNU-900;{SISE}FI
PATEL-100;{SISE}
PATEL-100;{SISE}XB
PAUDI-800;{SISE}
PCAMP-820;{SISE}
PECIN-800;{SISE}
PIFCR-100;{SISE}
R8DAU-800;{SISE}HD
R8DBI-800;{SISE}HD
R8DCH-800;{SISE}HD
R8DCO-800;{SISE}HD
R8DEL-800;{SISE}HD
R8DIN-800;{SISE}HD
R8DLE-800;{SISE}HD
R8DLE-801;{SISE}HD
R8DLF-800;{SISE}HD
R8DLG-800;{SISE}HD
R8DME-800;{SISE}HD
R8DMT-800;{SISE}HD
R8DPH-800;{SISE}HD
R8DSD-800;{SISE}HD
R8DSE-800;{SISE}HD
R8DSG-800;{SISE}HD
R8DSJ-800;{SISE}HD
R8DSL-800;{SISE}HD
R8DSP-800;{SISE}HD
R8DSU-800;{SISE}HD
R8DSV-800;{SISE}HD
R8FLE-800;{SISE}HD
S3PAP-100;{SISE}XA
S3PAP-101;{SISE}XA
S3PAP-102;{SISE}XA
S3PAP-103;{SISE}XA
S3PEM-100;{SISE}XA
S3PEM-102;{SISE}XA
S3PEM-103;{SISE}XA
S3PES-100;{SISE}XA
S3PES-101;{SISE}XA
S3PES-102;{SISE}XA
S3PES-103;{SISE}XA
S3STA-100;{SISE}XA
S3STA-101;{SISE}XA
S5APA-100;{SISE}XB
S5APA-101;{SISE}XB
S5EOP-100;{SISE}XB
S5EOP-101;{SISE}XB
SUAPS-100;{SISE}
T3ABF-800;{SISE}DP
T3BIO-820;{SISE}DR
T3BIO-821;{SISE}DR
T3BIO-822;{SISE}DR
T3BIO-840;{SISE}DR
T3BIO-841;{SISE}DR
T3BIO-842;{SISE}DR
T3CPI-800;{SISE}DP
T3GEA-820;{SISE}DR
T3GEA-831;{SISE}DR
T3GEA-832;{SISE}DR
T3GEA-833;{SISE}DR
T3GEA-841;{SISE}DR
T3GEA-842;{SISE}DR
T3GEA-843;{SISE}DR
T3GEI-820;{SISE}DR
T3GEI-831;{SISE}DR
T3GEI-832;{SISE}DR
T3GEI-833;{SISE}DR
T3GEI-841;{SISE}DR
T3GEI-842;{SISE}DR
T3GEI-843;{SISE}DR
T3GIM-820;{SISE}DR
T3GIM-830;{SISE}DR
T3GIM-840;{SISE}DR
T3GMP-820;{SISE}DR
T3GMP-831;{SISE}DR
T3GMP-833;{SISE}DR
T3GMP-841;{SISE}DR
T3GMP-843;{SISE}DR
T3INM-800;{SISE}DP
T3MDD-800;{SISE}DP
T3MGO-842;{SISE}DP
T3MMI-820;{SISE}DR
T3MMI-831;{SISE}DR
T3MMI-832;{SISE}DR
T3MMI-841;{SISE}DR
T3MMI-842;{SISE}DR
T3MMI-843;{SISE}DR
T3SRI-800;{SISE}DP
T3TCO-105;{SISE}DR
T3TCO-106;{SISE}DR
T3TCO-820;{SISE}DR
T3TCO-831;{SISE}DR
T3TCO-832;{SISE}DR
T3TCO-833;{SISE}DR
T3TCO-841;{SISE}DR
T3TCO-842;{SISE}DR
T3TCO-843;{SISE}DR
T3VCA-100;{SISE}DP
V5MEF-100;{SISE}XD
V5MEF-101;{SISE}XD
V5MEF-102;{SISE}XD
V5MEF-104;{SISE}XD
V5MEF-105;{SISE}XD
